b_phi_iqr,b_phi_sd,b_dW_iqr,b_dW_sd,a_zero,M_iqr_phi,M_iqr_dW,n_bins,n_rt,cond,seed
0.45448446251019536,0.47626528552863884,0.42357230287829195,0.4907661127068521,-0.011916627580816458,0.9601136296387952,0.9019083851355777,10,1044416,C0u,1000
0.4430166973396392,0.5093346334042094,0.4677853681215736,0.6469511359780034,0.1650077776756702,0.9355732821031266,0.926644502314687,11,1047754,C0u,1001
0.4426492493009467,0.46077952678578277,0.44837208704380427,0.48925325357211186,0.0446375791950543,0.9678344297618551,0.9241989846421229,11,1047217,C0u,1002
0.43865725693769286,0.47399982295046006,0.4131223503905661,0.5444830870737707,0.12572180457651147,0.9601136296387952,0.9019083851355777,10,1042237,C0u,1003
0.44799793098850016,0.4892392130685555,0.49395205756574223,0.5257342712050815,0.04714856978013678,0.947189009135708,0.945215333502852,11,1043883,C0u,1004
0.4322344813610844,0.4792283644391578,0.47098140635880575,0.5592694108377249,-0.08019904243242484,0.9353455805530031,0.8979172630345245,11,1042892,C0u,1005
0.45384094794021035,0.47106812096669864,0.45613130359314974,0.5017502865370038,0.056011135271127555,0.9601136296387952,0.9019083851355777,10,1048394,C0u,1006
0.42449210090839823,0.47394089870985484,0.4295747666681056,0.5292535226423799,0.001079702740233871,0.9601136296387952,0.9019083851355777,10,1041885,C0u,1007
0.4606017897835272,0.4915223275429473,0.4311373686957078,0.548440012673828,0.05277153000195693,0.9601136296387952,0.9019083851355777,10,1045121,C0u,1008
0.47281972678450146,0.4817693288486944,0.4894918079860342,0.5474988571545542,0.05966447449908474,0.9601136296387952,0.9019083851355777,10,1045796,C0u,1009
0.48692587160990053,0.5345852814460527,0.4552563833727822,0.5410578305553215,-0.057960837074366466,0.9601136296387952,0.9019083851355777,10,1046686,C0u,1010
0.46763800668470346,0.5115411269808359,0.4837348333330089,0.5650256291953871,0.07355982381698503,0.947189009135708,0.945215333502852,11,1047411,C0u,1011
0.4216529487459882,0.4788296365314682,0.4508727925567962,0.4953483514295509,0.06967875228323214,0.9353455805530031,0.926644502314687,11,1044492,C0u,1012
0.422967272727444,0.46660511304196806,0.4140122778208956,0.4971740256536258,-0.025878338182859225,0.956954224328155,0.9019083851355777,10,1042196,C0u,1013
0.46701068409263097,0.49859819445681114,0.4142539713823391,0.508605862777874,0.06540083324149921,0.9701790336292931,0.9241989846421229,11,1042988,C0u,1014
0.4194723197225854,0.5114056101420452,0.4587638586548372,0.526646531958243,0.001290362963173115,0.947804480540862,0.9019083851355777,10,1041911,C0u,1015
0.4385995530775043,0.4918250931839425,0.42411027842282034,0.4722938820339104,0.09416308493270764,0.9537463156584327,0.926644502314687,11,1042631,C0u,1016
0.3952798802533416,0.4835322442950663,0.44077739607507677,0.5857312053261456,0.00032545547615390997,0.926084733220795,0.8953992890924982,11,1044910,C0u,1017
0.4169724606238821,0.463570114626039,0.39999918891879754,0.5023434255396165,-0.05091239620758241,0.9601136296387952,0.9019083851355777,10,1044596,C0u,1018
0.43814977814552875,0.48095590100279256,0.39258945565472503,0.5783983510078785,-0.010803643700240584,0.9601136296387952,0.9019083851355777,10,1045367,C0u,1019
0.4356718937399723,0.4699557475776842,0.40644603121797246,0.4575511198552619,0.029320401074790232,0.9347251667455524,0.9019083851355777,10,1040669,C0p,1000
0.42907091038596173,0.46837320120964626,0.4258958593175457,0.5101547753749396,-0.008992416052031525,0.9601136296387952,0.9019083851355777,10,1045680,C0p,1001
0.4318017619106243,0.49694550124408904,0.4331288804009235,0.5704725585580813,0.06404112610386338,0.9447907528627634,0.926644502314687,11,1048844,C0p,1002
0.5100202713885033,0.4991884263191974,0.5347597459552167,0.5896221105344208,0.13332452755823546,0.9537463156584327,0.926644502314687,11,1045164,C0p,1003
0.415315273541778,0.47130062468565553,0.39993252001698804,0.5098358816794938,0.05473285339105434,0.8953992890924982,0.926644502314687,11,1045962,C0p,1004
0.42543116208644305,0.5005228201836002,0.47832071202616133,0.5748361862956003,-0.0350234502101648,0.9353455805530031,0.9358192003574065,11,1042048,C0p,1005
0.43778353169922346,0.4849314287026585,0.4276204809038124,0.5100586587790049,0.06113858758978967,0.947189009135708,0.9241989846421229,11,1045353,C0p,1006
0.48843102706203484,0.5489476144617881,0.47610614317638145,0.5696026890193733,0.015614099389859689,0.9601136296387952,0.9019083851355777,10,1043742,C0p,1007
0.4637031732020112,0.5078980949810257,0.46182342452434577,0.4873702185229899,0.15157559904797024,0.9701790336292931,0.926644502314687,11,1043734,C0p,1008
0.4806819557509322,0.5179719935534987,0.4945485838176554,0.5298690876875746,0.0400033676484954,0.8953992890924982,0.926644502314687,11,1047364,C0p,1009
0.45010040213217234,0.4742269722283056,0.4279728017242755,0.5205993649756244,0.03256786779782497,0.9601136296387952,0.9019083851355777,10,1045487,C0p,1010
0.445347067956231,0.47992442735045887,0.4322285800893776,0.5357954216220638,0.017662147168318064,0.9601136296387952,0.9019083851355777,10,1045986,C0p,1011
0.4042578346146167,0.4596533882014595,0.4091227074580292,0.510440209682556,0.1348376154340827,0.947804480540862,0.9019083851355777,10,1040714,C0p,1012
0.45957202384648527,0.4962300707847975,0.4759423101458046,0.5344148332087444,0.10559522879643803,0.9447907528627634,0.926644502314687,11,1043221,C0p,1013
0.4850353084650246,0.48948104009667504,0.40589293781975727,0.5277794737636047,-0.04893166848395733,0.9379580992210835,0.9019083851355777,10,1045921,C0p,1014
0.4791877005885418,0.5202843810716675,0.4751443832219191,0.5506235086674406,0.1238217307676228,0.9047263650205452,0.926644502314687,11,1049101,C0p,1015
0.44373089435303936,0.47723348814964983,0.4592039304149966,0.5353272822710403,0.05809805763043357,0.9047263650205452,0.926644502314687,11,1044816,C0p,1016
0.43393167105974734,0.48758896910195876,0.48138248430990493,0.5490869141581985,-0.02749095058762699,0.9601136296387952,0.9019083851355777,10,1044407,C0p,1017
0.4886877090542503,0.5230355891181745,0.4890279008734769,0.5292863406186952,0.03935288721972271,0.9047263650205452,0.926644502314687,11,1046758,C0p,1018
0.4857883298438596,0.5171042946976039,0.5360390741942631,0.5492814877588059,0.13974853058402348,0.9701790336292931,0.926644502314687,11,1046817,C0p,1019
0.049188169016366835,0.2177385564899225,-0.009318344574715776,0.34328178664241343,-0.23083559476266902,0.5890767338705079,0.08563051506538359,10,4276,C2,1000
-0.1341022390134532,0.17171742354266922,-0.18105957987097152,-0.06368551830726472,-0.7638097937257664,0.11952286093343938,-0.16807316136320358,9,4356,C2,1001
0.05698368236737042,0.21444961653479638,0.039315408555737424,0.1079141195532632,0.082750511392453,0.4866553716819934,0.3696969696969697,10,4497,C2,1002
0.0816634404784433,0.2129617221717475,-0.0900482773592531,0.37631690365430315,-0.14947946263651143,0.5620526827876544,0.1768325556625402,10,4353,C2,1003
0.13438779006705387,0.23546713800737337,0.041557085201770025,0.1265099799263499,0.04379814854208023,0.6605782590758164,0.2203706386767634,9,4236,C2,1004
0.17769678194446695,0.319688077457767,-0.01482337144008434,-0.21170053078068413,0.6790551651289223,0.772315083521806,0.19328413556768412,9,3395,C2,1005
0.14825828871959476,0.36305756115112203,0.100082958759752,0.44051669871085336,0.35561034538895947,0.7910398521054723,0.5663061639364588,8,5880,C2,1006
0.14157032083145868,0.25941399579876334,0.25656617987200925,0.6010361761731621,0.13985985759869954,0.6359459499326667,0.6018264882432639,10,3984,C2,1007
0.08004540331358893,0.24679247637229726,0.09502933724693549,0.3757023198959093,0.1858623421124414,0.6546536707079772,0.4217173561228949,8,3966,C2,1008
0.17324432244826735,0.24454615701980748,-0.0363648441646623,0.3274907596213102,0.3074762887792006,0.8899457101438082,0.11715583722580122,9,3174,C2,1009
0.160601455348116,0.24435031322166373,0.034426604716919496,0.45769747782789205,0.17553694240603201,0.6189034039399006,-0.05471149893120582,10,4619,C2,1010
0.16759443032909901,0.31291212498536686,0.2922058580891611,0.3022303289378203,0.02202395561639837,0.8210653934707496,0.9030303030303028,10,4058,C2,1011
0.013176783902229008,0.21469270055356884,-0.18441685626211166,0.19799511888419596,-0.000506400295974567,0.5449492609130662,-0.006060606060606061,10,4281,C2,1012
0.05785021375738369,0.2576490064162616,0.08664321538286196,0.3721436336063139,-0.7489088164298756,0.545544725589981,0.6467181814331598,8,7326,C2,1013
0.053849540881483735,0.23807356563744433,0.07516779322081239,0.10826220353123919,0.07426403922243598,0.47943101330719434,0.6273323266748674,10,4837,C2,1014
0.16347177800261675,0.2561033514228789,0.15836269795079225,0.2983525493089478,0.08037653716617583,0.6213377552190162,0.23636363636363633,10,3481,C2,1015
0.1505500271856131,0.3177949148967813,0.18903246122949455,0.3922246156562017,0.167020961148356,0.6029278668121224,0.6,9,5692,C2,1016
0.028305363808494053,0.17069643567397805,-0.09578517480101197,-0.10496951824514086,-0.1269870412720887,0.5631726535044479,-0.15945371665237182,11,2865,C2,1017
0.10507704780667289,0.21544812034354402,0.017418413565229187,0.03968587345983072,0.26975438666407353,0.614509867799027,0.3100318272768329,10,4657,C2,1018
0.1223659993210817,0.22375660137972972,0.020423783702601398,-0.0006066807956355867,0.36158353081048056,0.7669383576562359,0.31666666666666665,9,5487,C2,1019
0.262381164449734,0.2917707042404291,0.22072335930242953,0.1486967556062774,0.3337565751808417,0.848934830938402,0.686933264358473,10,3989,C2,1020
0.09060081494073301,0.2658995951491228,0.013859615242620669,0.32412630260336084,0.13204020397600105,0.772315083521806,0.11866111313364182,9,7152,C2,1021
0.08378077473924085,0.19144499109970567,-0.06379575637888112,0.5724537068406785,0.11577831251727674,0.6075745430783167,0.11666666666666665,9,3336,C2,1022
0.2259921786770727,0.2698185049905668,0.1477842289274727,0.09365548343881644,0.8503544774895476,0.9047627749926196,0.836827408755723,9,5691,C2,1023
0.3936145939713611,0.38308722606326523,0.36647125148879417,0.32545083880688774,0.3429049161107944,0.8051426574760588,0.7696969696969697,10,4666,C2,1024
0.10085351455591815,0.2601576226048889,0.058472691658138475,0.053596558846790654,0.07815597284287787,0.8156618201430593,0.49240349038085235,10,5451,C2,1025
0.12641206815044645,0.3589985735108576,0.027934672868241903,0.32266966961216514,0.13132065211589955,0.6894542930624352,0.3291402943021916,9,6627,C2,1026
0.029529315569213576,0.2679500699470737,-0.0863506062245818,0.3755226077315934,0.04221917008814821,0.48692212289011927,-0.14817355731532722,10,4259,C2,1027
0.11379384149270962,0.22395117594622663,0.2628522407258654,0.3735558009884335,0.11460299437157792,0.6168870908644987,0.5288778230016562,10,3524,C2,1028
0.15667245219490547,0.2431424801934276,0.04863018881324715,-0.05085630400512757,-0.3517561187326103,0.7950989171142427,0.439032551989755,10,4032,C2,1029
0.21544887617420497,0.24455868675913534,0.11443116487338992,0.14240766297711077,0.1794603455767201,0.7136240321480626,0.24848484848484845,10,3927,C2,1030
0.07552074703485459,0.28162378105455127,-0.09234065462484609,0.45904435294846535,0.38793954664365443,0.5910967041703311,0.011976262619132589,8,3854,C2,1031
0.3340407704388106,0.3693848193412934,0.14432879339651217,0.46555943182663956,0.26170389088739343,0.8788501706079498,0.4559291577600484,10,3490,C2,1032
0.06216475580354471,0.414320573058062,-0.01846105158336968,0.19730645108471392,0.1448290670364454,0.5095461095546092,0.415529446129273,11,3700,C2,1033
0.1366931510167919,0.22501803541555537,0.026499788512095425,0.12495110501113887,0.06311617391920879,0.797961417765561,0.10430233025377429,10,3742,C2,1034
0.07524037117367552,0.21186227631185553,-0.051461001400205514,0.19893670977441183,0.14954906187571868,0.6390096504226938,0.26666666666666666,9,3170,C2,1035
0.014787161336253527,0.24187802988268714,-0.0181758805802513,-0.08344934763015655,0.07195643519766447,0.3892494720807615,0.06686960980480709,10,5565,C2,1036
0.05295043405255052,0.26631685097484725,0.03944200868122819,0.23533380133935367,-0.2750239586003738,0.5477225575051661,0.18410202992625907,9,5330,C2,1037
0.15902812627923854,0.32249130403033804,0.1515446040157268,0.5916207943780359,0.014589861748710936,0.7248011453748541,0.5020964452534339,9,4448,C2,1038
0.1799509990844741,0.3487509261213884,0.1638055361049509,0.371472062159739,-0.4845946027920545,0.7139081384319523,0.6560381485126154,11,3773,C2,1039
0.11518738997081679,0.340452585013651,0.11329566690949963,0.22379386470504894,0.20749390095274167,0.7669383576562359,0.6527253788294639,9,5015,C2,1040
0.1305289641159622,0.23222137675256357,0.22944783879194458,0.34932462529537844,0.4052107285597036,0.7835467939002064,0.6428571428571429,8,5588,C2,1041
0.27336914578832777,0.4680012653938236,0.05630862992909884,0.39620078007904297,0.2097738690465754,0.8581718527846034,0.2613993837824278,10,2602,C2,1042
0.24141362320298265,0.3338284232131562,0.16790850539056207,0.3385131391356025,0.7276224776204339,0.8532469179729295,0.7999999999999999,9,5440,C2,1043
0.12055609671756563,0.32651021678332653,0.10360177871089062,0.21365894419285353,0.018884821939521054,0.7952050661173402,0.6018264882432639,10,6185,C2,1044
0.05275483002292966,0.25498598480646684,-0.019692211638481887,0.361229843917582,0.15944499007895344,0.545544725589981,0.22754898976351917,8,5094,C2,1045
0.1261681876642212,0.24083119129149516,-0.0735265273451623,0.44313203215652114,-0.4369792600728677,0.7303263814053434,0.1158558123306298,10,4069,C2,1046
0.09186411677022169,0.19496476348416508,-0.0013040605800903376,-0.049924796192105665,0.2595695897949589,0.681690972046167,0.4356156145892926,10,3710,C2,1047
0.09592053457831001,0.234299169631385,0.23568400488372626,0.2865904589724928,-0.38805687521671206,0.6380586235753005,0.7744046403152623,10,4863,C2,1048
-0.025421974547125664,0.07082419218140884,-0.23458998237008596,-0.16841085625761032,-0.2991682196426349,-0.02282177322938192,-0.4016771562027471,9,4502,C2,1049
0.3348240366544457,0.22838229019176556,0.36373516588051147,0.35345014707060896,-0.0010495696064861653,0.5520524474738833,0.23928181646454103,10,3110,C2,1050
0.1550474441974633,0.2645869498577674,0.11298525401808233,0.3950730583598208,0.4446974312393348,0.7030047555134388,0.7782494901428224,9,6074,C2,1051
0.10573680468553301,0.2777595497997554,-0.01582236120896236,0.1448704483377595,0.1661757064508102,0.5924223048871672,0.3048837166595521,10,4376,C2,1052
0.22611635465392552,0.24568121131288803,0.04639320222961805,0.14057948784484722,0.2536917799515319,0.7302967433402214,0.10878756313824399,9,4367,C2,1053
0.2652135459825015,0.37565069799468026,0.2586613894655127,0.4335902660360201,0.04060801654195469,0.8970852271450604,0.6166666666666666,9,3531,C2,1054
0.144730577020439,0.28467691979273974,0.07037712973770927,0.4136570799003449,-0.013054483788035798,0.6546536707079772,0.32532481758051895,8,5321,C2,1055
0.03391517263919695,0.1761865850502707,-0.16701407126842205,0.3901088726263097,0.08594656926809095,0.45643546458763845,-0.2034190510862431,9,4164,C2,1056
0.11761886495095122,0.23209802780191388,0.06647713576961527,0.006109697579916069,0.046082438542593245,0.6213377552190162,0.18845071854082002,10,3977,C2,1057
0.048232055289942635,0.21274142181274117,-0.09809282362696387,0.10923038343986964,0.05959631401634994,0.4473240595242436,0.07272727272727274,11,3137,C2,1058
0.1508887990160385,0.1993934681497014,-0.01414246008776245,0.153233139141661,0.05703033791521423,0.7122739723463422,0.2414584852164488,11,2615,C2,1059
0.19010530714287605,0.2756735247183364,0.0957674313685902,0.40460578039571116,0.10941327988514694,0.7950989171142427,0.3780558086578446,10,3350,C2,1060
0.08880444168755193,0.22272327493016864,-0.15426313901268765,-0.028889906269527844,0.00911103735536233,0.681690972046167,-0.012309149097933273,10,3444,C2,1061
-0.09469848933117937,0.22012697831990757,-0.11876978622529574,0.4419320301705019,-0.08251562491529024,0.36456757223825675,0.2735574946560291,10,4366,C2,1062
0.11970107030961065,0.19341434219289236,0.10668385850625128,0.15151382312187264,0.06261311049005235,0.6142709857998429,0.46808726863364974,10,5138,C2,1063
0.09817741306551406,0.1853368153892213,0.015529407210693149,0.07999409894084217,0.0949169468593348,0.6662702784276693,0.26940920133656165,11,3339,C2,1064
0.0009987951966461861,0.21292805839784174,0.02866367794294604,0.49784540709095726,0.2728825265176387,0.31065294709760827,0.33257489473208984,11,3546,C2,1065
0.12428672292100655,0.18070601381575646,0.10463027344990125,0.05987393660372513,-0.333736741729439,0.6359459499326667,0.3465061598976368,10,4287,C2,1066
0.06191639002584108,0.124671103350671,-0.07819381397503368,-0.027034292385682793,0.11506743290511326,0.7745966692414833,0.21666666666666667,9,3702,C2,1067
0.2789842696291702,0.5311439828075417,0.39253805333393765,0.7873746026720907,0.29299270309342934,0.8362641618199185,0.7294866524160775,10,4314,C2,1068
0.40904994222802765,0.3859864833739494,0.10847498028409483,0.5483999928456609,0.5073659214193695,0.9636241116594317,0.4285714285714286,8,3111,C2,1069
0.26794983473010997,0.26940195931455907,0.3740249692193898,0.5254874109560209,0.07000259624393684,0.8181928213868076,0.6443798763008685,10,3317,C2,1070
0.04880542239786883,0.22468707866782503,0.15421409959165494,0.3692023715516145,0.036797690231218004,0.5477225575051661,0.605063380907533,9,5455,C2,1071
0.1314610688015119,0.22599356450772426,0.01861142449210903,0.2802294572843669,0.07593019312532505,0.6238794669049377,0.35146751167740364,9,4281,C2,1072
-0.10557197970290604,0.07831073534699869,-0.06193862786612302,-0.1488802355162626,0.014368985205932824,0.015033864335087178,-0.03189074333047437,11,2965,C2,1073
0.09990407403303796,0.10569352298496147,-0.17638601570631965,0.11341917100692243,0.041806891970627376,0.47049924500615053,0.35757575757575755,10,4263,C2,1074
0.12488029337863314,0.2981872005642548,-0.08265161895330857,0.39237355861505496,0.20426967847351774,0.7950989171142427,0.08510677611520905,10,4839,C2,1075
-0.08219974674609755,0.15633547418152083,-0.15905258400419287,0.25588307923432774,0.19299256611979354,0.19094065395649334,-0.1077863635721933,8,3511,C2,1076
0.23195675382258885,0.3113002896184248,0.20636235446480966,0.2242540523101554,0.3549145638837769,0.8955252139415346,0.7447763937925935,9,4710,C2,1077
0.08576695461757784,0.19870280580663047,-0.0737172677538209,0.050767159233191986,-0.386603596049854,0.5828507794502462,0.06666666666666665,10,3739,C2,1078
0.1055147324482558,0.24704767914147194,0.05298791673015746,0.5414411234876484,-0.421643402754616,0.5778855963970647,0.20501192141019234,11,5259,C2,1079
0.07302449603188087,0.25500471939967306,0.24361760646273073,0.4528439547567135,-0.6238554738029467,0.21499801446559036,0.2121212121212121,10,4468,C2,1080
-0.09304827475126243,0.22356866387417595,-0.17898939298258099,0.41405997838090414,-0.16454306713469588,0.12871918058696766,-0.13445852909056288,9,2965,C2,1081
0.22597543002465606,0.3106778487058748,0.19412675440885055,0.37807001895868025,-0.06941324487193139,0.8758113121817133,0.7781190959104827,10,4416,C2,1082
0.09323776839941493,0.23812138238167652,-0.06811047654762123,-0.007273110718330903,0.33358814360308886,0.5967237190498991,0.1284457725980754,11,5465,C2,1083
0.11919329776495745,0.20653940305989105,-0.12008125828345871,-0.08368724375823454,-0.3614735268714746,0.42023031949290335,0.17629260766721871,10,3823,C2,1084
0.18751414953276754,0.2612365601239562,-0.033084976508870045,0.2002215119572444,0.12835173709777747,0.7917546385701352,0.023952525238265177,8,4571,C2,1085
0.028682621675089393,0.12145182624859398,-0.18356551309062277,0.07555906506707145,-0.14304448598423383,0.4670993664969138,-0.3161108827136336,10,3457,C2,1086
0.1410421262149737,0.23208082377109862,0.09634921457039165,0.5429295349103729,0.1615711334708397,0.6400431019968835,0.2121212121212121,10,4460,C2,1087
0.32812848684638346,0.31367405401751636,-0.10517108626784712,0.3614894684852742,0.3530916658731438,0.9309493362512627,0.3039527718400323,10,2510,C2,1088
0.10880226417204578,0.3049626797291855,0.10601430953944212,0.42960614985659656,0.2736405929212512,0.785068999090738,0.43333333333333335,9,7418,C2,1089
0.06586172361906778,0.27080425838380423,0.05716106417114522,0.2362528901387138,0.05702749441659616,0.5468509995535186,0.13981827504641486,10,4263,C2,1090
0.08016780952480361,0.2504614437220113,-0.03689457264066907,0.24452840881841303,0.20074220687248698,0.6546536707079772,0.04761904761904763,8,3669,C2,1091
-0.11956487953953476,0.1290424557556366,-0.06091150331826666,0.07417157345617349,-0.19000799877378174,-0.02282177322938192,-0.05085476277156078,9,5286,C2,1092
0.1339819981466836,0.23381200249660816,0.07349251766395182,0.21584815069905122,0.21892111628480618,0.614509867799027,0.2727272727272727,10,5289,C2,1093
0.04841685831081162,0.21737666498369412,0.059646211815252446,0.39635093710400443,-0.014300557075783225,0.4336136913582565,0.06666666666666667,9,4376,C2,1094
0.18018310131534884,0.3036454133973491,-0.07893776732899671,0.11669376607555072,0.1997679692060366,0.7277319633250103,-0.024316221747202584,10,4403,C2,1095
0.18316712631027332,0.2177046276129814,0.11525475661518257,0.3529602005153747,0.07721883896541343,0.659256524138491,0.20000000000000004,11,3219,C2,1096
0.035743612833382926,0.18333643257138268,0.007956208830440039,0.3655634733434363,-0.027328612551845984,0.5449492609130662,0.16565664216775916,10,5068,C2,1097
0.19055639441943512,0.3163830185587323,0.20202803084318502,0.457565815323398,0.024512118102964716,0.7910398521054723,0.4285714285714286,8,4044,C2,1098
0.08658878103940128,0.24242973086592462,0.1409609719195235,0.011393991207559148,0.4516985986674357,0.545544725589981,0.5149792926227014,8,4299,C2,1099
0.09966108532561706,0.2619951274282984,-0.019235696388042508,0.07850332542697243,0.07060027315165028,0.4660924686531768,0.21276694028802262,10,3876,C3,1000
0.07044317146914218,0.22432083025139632,0.13564666295065902,0.2457374337359584,-0.7527874412722128,0.5592500638011151,0.3939393939393939,10,4920,C3,1001
0.09368593464819223,0.21011854984571815,-0.08694806143538927,0.39205191033668907,0.022352129473267757,0.596324187835682,0.18961042621620655,10,3833,C3,1002
0.11710278205225477,0.30563785508448665,0.036215321843831,0.49521848535609303,0.1015000387789374,0.7460614881547927,0.3292744139923163,10,3832,C3,1003
0.0776230622353769,0.22625346263108717,0.30436397439966767,0.24571257032947338,-0.3654248007105485,0.6314223020736613,0.4977220838251732,11,4076,C3,1004
0.38125672329362315,0.30714611654944524,0.41269847631133655,0.035542006720656875,0.08289888799753724,0.9159051969453064,0.7112494861056756,10,4734,C3,1005
0.10197828586099471,0.290306039149797,0.040523311105818735,0.6541018131157551,-0.07232128929020247,0.6227991553292185,0.1768325556625402,10,4040,C3,1006
0.0542122624252478,0.24676279851231217,0.0926128883716233,0.2595403507549531,0.06907410480688006,0.545544725589981,0.6099375455928333,8,5711,C3,1007
0.07677530790128129,0.22812842015370874,-0.12418135318618456,0.2395348021509158,0.16659840930141523,0.46391528462031495,0.2004561009344103,11,4760,C3,1008
0.16056654330462114,0.26858458002755253,0.26184143087263784,0.32915247638414075,0.6586444222312473,0.7525121326622726,0.7967246167544522,9,5858,C3,1009
0.06486644202617103,0.29122283225485524,-0.03747541492152107,0.4923639216451119,0.06961053209121931,0.6710983239235219,0.26484294368678946,11,3495,C3,1010
0.11262384468115982,0.2792893806334342,-0.03489484983014893,0.38600598502944133,-0.8224578898839158,0.5413071845204606,0.2928895930645031,9,4565,C3,1011
0.030728050436854504,0.23606531471853498,0.24073664321059066,0.24755808639022958,-0.025849306136557247,0.45643546458763845,0.7333333333333334,9,6472,C3,1012
0.18484220588841907,0.3107200544859389,0.16715429508956936,0.2385576752179479,-0.2229564830618153,0.7942364966619164,0.6890371996505876,10,4648,C3,1013
0.1082977696128039,0.21376892353900037,0.021733872483413293,0.09638015674378397,-0.3692575448182978,0.6429139141776441,0.2956506457133364,11,4775,C3,1014
0.03167728164490389,0.2265131749378522,-0.007911333497987873,0.11666614237822963,-0.6359620137290029,0.4670993664969138,0.3006361283785259,10,3978,C3,1015
0.18800333392390828,0.26363013578651456,0.16987212841387672,-0.032556264431239774,0.43049079666424883,0.7531234192521683,0.6097674333191042,10,4774,C3,1016
0.1931268178291485,0.2687801039432558,0.26597397382935345,0.049696628574700114,0.18296765144443497,0.6212247398354255,0.4611920226269954,11,4615,C3,1017
0.046868975068698984,0.17293795912278445,-0.03819141381093827,-0.15440991551111663,-0.5808840727439006,0.5449492609130662,0.146344183996585,10,6406,C3,1018
0.2013460628806112,0.2994417755989957,0.25953829111328186,0.4699030635151399,-0.9213068542591215,0.7932934014623987,0.56535215562246,10,6416,C3,1019
0.09312785456775052,0.2653513454067878,-0.008851465654580587,-0.04174934836803089,-0.09757412422347936,0.5940885257860046,0.25210974204480535,9,4967,C3,1020
-7.191713662813147e-17,0.21009550762988308,-0.33054649693353866,0.11469547249080456,0.1300440788392029,0.7217503175777069,0.024465861447252456,10,3394,C3,1021
-8.894560923301497e-17,0.17817359663502882,-0.14401244308949102,-0.041164780277837376,-0.10893236534464566,0.41079191812887456,0.025104822262671692,9,3933,C3,1022
0.06507576553415863,0.2820878630150491,0.06378284149855737,0.3765602009770945,0.007015155611386678,0.6067798762169179,0.3353720883255073,10,5765,C3,1023
0.1994314130370051,0.3705791555044769,0.07652739081593138,0.6199214326243006,-0.27878213543006997,0.659256524138491,0.3545454545454546,11,4648,C3,1024
0.11645308657073666,0.25672032777998494,0.011600441024438931,0.06720405847339193,-0.5692231411033291,0.6834257143762641,0.3938927711338647,10,4275,C3,1025
-2.6399574467734375e-17,0.20707817540549148,-0.0495827911573563,0.4216653829044241,-0.8368521181267948,0.41239304942116123,0.2439750182371333,8,4917,C3,1026
0.1728397971231563,0.24501581891524654,-0.04344087873095058,0.15069658027012914,0.33425784028525096,0.7990704058551497,0.2515015150017844,8,4395,C3,1027
0.03265681027321028,0.22202591036947822,-0.15987939982672905,0.3647119364483513,-0.02928421922631885,0.33932860375277213,-0.04576766887262615,11,4624,C3,1028
0.19357214240669246,0.24978232230569483,0.19048053849206179,0.06579244285145329,0.08282694797591522,0.8850794148547424,0.5688312786486196,10,6429,C3,1029
0.12799033694865386,0.34222691165867936,0.23848239223593268,0.32202055692073195,0.17939228177925448,0.6138914766455381,0.6806963035209745,9,7627,C3,1030
-0.08057559550107964,0.1791268046540739,-0.2507959390616865,-0.29467874648779296,-0.6733622370544838,0.20225995873897265,-0.1538643637241659,10,3851,C3,1031
0.2839863034195922,0.2625599143305857,0.18821534205729293,0.2570680602673489,0.21559166078832684,0.7993796764572308,0.3727272727272728,11,3257,C3,1032
-7.060451782105652e-17,0.18188648520719802,-0.03314339643336989,-0.2177699117480162,-0.06763301569496599,0.4351941398892446,0.1693797282022142,10,5424,C3,1033
0.16518977091155895,0.2594332478725658,0.0030056665628725708,0.12784848682325092,-0.4362096012772338,0.6380586235753005,0.28484848484848485,10,5422,C3,1034
0.05330601672828361,0.29743826519966376,0.1475227223715419,0.12085512978404844,0.08611349635180778,0.5477225575051661,0.5362916143780116,9,6158,C3,1035
0.07545600887350579,0.16581577284292115,0.07870385300020209,-0.07732335665980292,0.11422040406355316,0.4866553716819934,0.44928394207456446,10,5535,C3,1036
0.08313515246922011,0.26026984617198295,0.17633315421594628,0.27043099467973747,0.09590664194446985,0.5659799760886717,0.2881769890388444,9,5273,C3,1037
0.2457222283350748,0.3535969011764885,0.20544937521454526,0.03614722616608719,0.3033252658334427,0.772315083521806,0.6694619270045785,9,4480,C3,1038
0.22290884539428765,0.4204135364468551,0.3597738584051881,0.4339722333490846,0.5050962630510784,0.7030047555134388,0.8235584906796976,9,5787,C3,1039
0.1719437304041426,0.22752479904609949,0.1393455185071231,-0.07293885669071684,0.4404050704238425,0.772315083521806,0.6778302010921357,9,5509,C3,1040
-1.4090761589927222e-18,0.1756409820385895,0.03703321661630205,0.5553136422983826,-0.7490153161017371,0.4061811972299616,0.21474009169894706,10,6154,C3,1041
0.151976495543921,0.3053105514564136,0.13874568732976117,0.5672296523653105,-0.5956750343100252,0.6213377552190162,0.3414697626586983,10,7671,C3,1042
0.09002687332698453,0.27021765521673463,0.16228063979188184,0.5361370415647194,0.019685016723643634,0.5966090870502337,0.23928181646454103,10,3746,C3,1043
0.13255774777991186,0.3127100650283801,0.1152441365008941,0.20325039599249445,0.0774774567175799,0.5903616993224882,0.324172664176095,10,4072,C3,1044
-0.03179772781601423,0.13059446181672069,-0.07811965317200782,0.09291026293596319,-0.4582622947776972,0.3345664835794702,0.06666666666666665,10,5829,C3,1045
0.011045899498702405,0.10672630950798753,-0.03469068469130233,0.02055761699538076,-0.5686556636987236,0.3957369632821075,0.16413449679361747,10,4226,C3,1046
0.11041558963114648,0.18095070453602743,0.01235089185735135,0.10423879600245804,-0.6417451233256345,0.6138914766455381,0.37816461306720806,9,6729,C3,1047
0.05979273858555678,0.19235216867716026,-0.06273060082958028,-0.02550278570729447,-0.10334614318579692,0.7248011453748541,0.2468643939200371,9,3721,C3,1048
0.12582898624597488,0.1627775399403476,-0.0860220056944646,-0.04751037850761987,0.44879531369821296,0.7968190728895957,0.054056247761733546,7,4392,C3,1049
0.4919872884253686,0.7773011205522186,0.20667868610003692,0.817844125819079,0.2644809328339156,0.9050697364949291,0.5011402523360258,11,3118,C3,1050
0.10175027273788752,0.18629132312270577,-0.12753447374901744,0.01022898074547227,0.2375364052506182,0.6650916769705589,-0.03592878785739777,8,4331,C3,1051
0.1337926416786636,0.35358177899148746,0.14208344971137482,0.29967004747217324,-0.5988859327704772,0.6330541649476574,0.49372817116587664,9,5903,C3,1052
0.1547280156979161,0.24796418776132365,0.06568582461661017,-0.03771448620310713,0.3616034009633836,0.8643325211229224,0.44985010232324774,10,5256,C3,1053
0.2805689412235877,0.3844784239569284,0.21483427822013593,0.20027798074913403,0.2111466104726023,0.8952737857857512,0.44985010232324774,10,3058,C3,1054
-0.12439768664653961,0.2838896095260532,0.011489056704793957,0.156512224170487,-0.7600587588069153,-0.02282177322938192,0.18410202992625907,9,5280,C3,1055
0.20628768938243472,0.2637687361892457,0.13261715210591402,-0.004066289320754801,0.29441734925919794,0.7729108162275005,0.5045616012544536,10,4118,C3,1056
0.12993786196609033,0.26025533327971745,0.1040765279025512,0.5019093542798249,-0.5229220631673811,0.6359459499326667,0.28659069365997897,10,4740,C3,1057
0.0612251101219334,0.1527239955528462,0.011531673721705847,0.4188975850277865,0.12267375551868137,0.591461812037611,0.12300715284611541,11,3598,C3,1058
-0.07903309032196731,0.11510008965359791,-0.12983846927436402,0.31091868648961873,0.10349043856277612,0.06054991787922956,0.2392080280190373,10,4334,C3,1059
0.2581969223121263,0.3335331099769494,0.1857660345407478,0.14929475854424976,0.4282371378386856,0.9543135154205278,0.10714285714285716,7,3986,C3,1060
0.019630280027591526,0.169412494951716,0.07819905935161675,0.2888694691882915,0.19883733387650454,0.3345664835794702,0.42553388057604524,10,3338,C3,1061
0.16898785057431348,0.2335299212993522,0.13508369958662253,0.16220305178320338,0.3335579696725887,0.772315083521806,0.4016771562027471,9,3793,C3,1062
0.183810854329712,0.3503208441153134,0.06734660156748364,0.31775608982506315,0.05629704881468572,0.8390470785361211,0.5548883643203848,10,5934,C3,1063
0.23151507283551365,0.2871804584950416,0.21604304059151844,0.3517628451775373,-0.0681533591832836,0.7590364705574848,0.6097674333191042,10,6086,C3,1064
0.17944922915679093,0.31513157092314625,0.21229231387762176,0.6771077462319938,0.22986283417859718,0.8326302643448318,0.597572084652722,10,6846,C3,1065
0.18797664839946154,0.30224355326648533,0.3667403990927631,0.5405513635817626,0.1068641076675183,0.6511585959125265,0.4863244349440517,10,4898,C3,1066
0.23732510107445942,0.5518691975439456,0.39855179816184017,0.7533316647971916,0.19586471878720288,0.9617692030835674,0.75,9,3516,C3,1067
0.2537844951135988,0.26624567014386147,0.13364509535087707,0.19606892702962925,0.2836948139013209,0.8362247231718761,0.37426130267530777,10,4521,C3,1068
-0.015453814066239658,0.21744718635128407,-0.019537752493469264,0.006018718110007425,-0.35764193900506114,0.4151994368861455,0.24316221747202585,10,3846,C3,1069
0.11848935158259415,0.3060532621818959,0.13608144259068689,0.5584707823976045,-0.056348690989147146,0.7981987297166114,0.48535989707831934,9,4103,C3,1070
0.13546030703843587,0.25263958141001025,0.24880620897509953,0.21762641370508853,0.2915180103468061,0.5963553727767786,0.7196715715299219,9,4923,C3,1071
0.14315212896159113,0.29823269523587137,0.29178805493221,0.3382949693699483,-0.3536130016299282,0.6075745430783167,0.8682816613739236,9,6972,C3,1072
0.05293163697879851,0.25083704424013537,-0.02253185198091261,0.21361232592462845,0.3376962893588243,0.5477225575051661,0.35445877847928325,9,4629,C3,1073
0.16841783611161584,0.2637116363146999,-0.1405994147387876,0.11104684674869018,0.2701583467046735,0.8807710121010884,0.20732092732849544,10,3311,C3,1074
0.17480811674963728,0.2533402513851998,0.20441465541895643,-0.06692406543267591,0.09997570345691248,0.7981987297166114,0.6276205565667923,9,4821,C3,1075
0.3984277056064278,0.33021216751893157,0.6737067689795314,0.42048126168725614,0.255515847641155,0.7804300757843396,0.7963562622208846,10,3695,C3,1076
-0.13632162369033635,0.14825742233082653,-0.26796580435372724,0.2770515151544324,0.06263432498417222,0.46790960017870326,-0.050209644525343385,9,3350,C3,1077
0.0713812387565457,0.13408982240085215,-0.15602572114185181,-0.115916902002799,0.07026591095621719,0.5072182747108099,0.06666666666666665,10,3550,C3,1078
0.08146554039105003,0.3131173264155299,0.0678588283164192,0.25597558944516463,0.11652818656071925,0.4660924686531768,0.10942299786241164,10,4970,C3,1079
0.12701417951930447,0.2620911799876359,0.03075412206936072,0.11985119851179848,-0.1898766331532936,0.7839294959021854,0.38059342765427795,11,4477,C3,1080
0.039196864065877156,0.20676707390531215,-0.05631010539968251,0.047837785985879414,0.15745148659692904,0.5468509995535186,0.23287026454855295,10,4487,C3,1081
0.176827358872501,0.28160388892217725,0.12849441488202387,0.32637668329930897,-0.5863598371613877,0.7248011453748541,0.3849406080276326,9,5264,C3,1082
0.06430621168725591,0.13570512868907322,0.02417779153422786,-0.06314010521866259,0.24424487636716752,0.7525121326622726,0.41004543029030427,9,4603,C3,1083
0.22118907131284268,0.3254517784242678,0.4537401227197272,0.6868557270638335,-0.15141942768044944,0.7703914358473083,0.7534325122124181,11,5464,C3,1084
0.23033089281769706,0.24978821014642985,0.2230693953854127,0.18258227312011852,0.22804137444831435,0.7169281790988649,0.6079055436800646,10,6494,C3,1085
0.19728909851706367,0.20781079971152586,0.15460406012549502,0.4681358364705843,-0.23697196064344295,0.8532469179729295,0.6272087408492496,9,4853,C3,1086
-0.051335254043814116,0.2511463766061406,-0.3752376330226431,-0.11761647896286416,-0.2032962366685057,0.2205747008457648,0.04308202184276645,10,4630,C3,1087
0.03226925463481518,0.2141205332291716,-0.04975744964288582,0.3891035270497342,-0.0934237605317309,0.45643546458763845,0.10041928905068677,9,5129,C3,1088
0.07723721331331365,0.20490678902059947,0.26518256446042116,0.2815773992447319,0.23787338091919433,0.6390096504226938,0.7,9,6786,C3,1089
0.11678637798979304,0.23550880180374578,0.09290077808299778,0.2997409189871809,0.16975603442999784,0.6138914766455381,0.4666666666666666,9,6201,C3,1090
0.13203361881794018,0.2271435915320358,0.16398596967942655,-0.07949000068342625,-0.4093514134887831,0.5333548285313258,0.45205950732745087,11,5443,C3,1091
-0.011989380309058996,0.17798655157955412,-0.0035274014147369916,-0.21195385671230238,-0.1760391525173865,0.2335496832484569,0.08536744066467457,10,5746,C3,1092
0.04815877656872747,0.24633214151627328,0.008668506284957831,0.231747984175814,0.12303691745788832,0.5468509995535186,0.2613993837824278,10,4544,C3,1093
0.06882430102773296,0.25596968881163157,0.07482544226030623,0.2798897484304461,0.058045193247983386,0.5468509995535186,0.4862113893683642,10,4225,C3,1094
0.088723350494604,0.24098391290881052,0.18594535393641948,0.14104816713611518,0.1027589932859366,0.5200970367573583,0.46363636363636374,11,5320,C3,1095
0.2391607691408053,0.28649585580166226,0.2902921241187041,0.5678903030522724,0.2396165933663382,0.887424521657999,0.5227987675648555,10,4082,C3,1096
0.08635040027155855,0.1868640823417056,0.08211496813820153,0.03822251719549107,0.058187240061209566,0.454143715383109,0.3234632537805257,11,4744,C3,1097
0.056568432666868874,0.1718477436613261,0.06332187600287514,0.038707719095720704,0.10923852234091758,0.5049040411574732,0.32627395909381723,12,4902,C3,1098
0.1082977696128039,0.20967579299133357,-0.13874210055162445,0.11413858426509495,0.10371308286560174,0.6429139141776441,0.16438527539180034,11,4300,C3,1099
